allocated_processors,consumed_energy,execution_time,finish_time,job_id,metadata,requested_number_of_processors,requested_time,starting_time,stretch,submission_time,success,turnaround_time,waiting_time,workload_name
0,-1.000000,1.000000,2.023418,1,"",1,4200.000000,1.023418,1.023418,1.000000,1,1.023418,0.023418,085d6d
1,-1.000000,10.000000,11.054642,2,"",1,4200.000000,1.054642,1.005464,1.000000,1,10.054642,0.054642,085d6d
2,-1.000000,1.000000,2.070254,3,"",1,4200.000000,1.070254,1.070254,1.000000,1,1.070254,0.070254,085d6d
3-4,-1.000000,10.000000,11.101478,4,"",2,4200.000000,1.101478,1.010148,1.000000,1,10.101478,0.101478,085d6d
5,-1.000000,1.000000,2.109284,5,"",1,4200.000000,1.109284,1.109284,1.000000,1,1.109284,0.109284,085d6d
6,-1.000000,10.000000,11.117090,6,"",1,4200.000000,1.117090,1.011709,1.000000,1,10.117090,0.117090,085d6d
7,-1.000000,1.000000,2.132702,7,"",1,4200.000000,1.132702,1.132702,1.000000,1,1.132702,0.132702,085d6d
0 2 5 7,-1.000000,0.575316,11.598734,8,"",4,4200.000000,11.023418,1.040705,11.000000,1,0.598734,0.023418,085d6d
1 3-4 6,-1.000000,0.575315,11.719727,9,"",4,4200.000000,11.144413,1.251015,11.000000,1,0.719727,0.144413,085d6d
