allocated_processors,consumed_energy,execution_time,finish_time,job_id,metadata,requested_number_of_processors,requested_time,starting_time,stretch,submission_time,success,turnaround_time,waiting_time,workload_name
0-15,-1.000000,0.301955,3.291503,1,"",16,4200.000000,2.989548,1.051703,2.973936,1,0.317567,0.015612,e9e7ab
8-23,-1.000000,6.157651,15.740186,10,"",16,4200.000000,9.582535,1.002537,9.566913,1,6.173273,0.015622,e9e7ab
0-7 24-31,-1.000000,0.216916,11.691006,11,"",16,4200.000000,11.474090,1.072019,11.458468,1,0.232538,0.015622,e9e7ab
0-3,-1.000000,0.538296,13.337103,12,"",4,4200.000000,12.798807,1.029021,12.783185,1,0.553918,0.015622,e9e7ab
0-3,-1.000000,1.173550,19.182850,13,"",4,4200.000000,18.009300,1.013312,17.993678,1,1.189172,0.015622,e9e7ab
0-15,-1.000000,0.301999,19.545258,14,"",16,4200.000000,19.243259,1.051729,19.227637,1,0.317621,0.015622,e9e7ab
0-15,-1.000000,0.301999,19.968208,15,"",16,4200.000000,19.666209,1.051729,19.650587,1,0.317621,0.015622,e9e7ab
0-15,-1.000000,0.301969,20.713175,16,"",16,4200.000000,20.411206,1.051701,20.395594,1,0.317581,0.015612,e9e7ab
16-31,-1.000000,0.301622,20.833158,17,"",16,4200.000000,20.531536,1.051793,20.515914,1,0.317244,0.015622,e9e7ab
0-3,-1.000000,0.103879,21.312352,18,"",4,4200.000000,21.208474,1.150387,21.192852,1,0.119501,0.015622,e9e7ab
0-15,-1.000000,0.301951,22.105108,19,"",16,4200.000000,21.803157,1.051704,21.787545,1,0.317563,0.015612,e9e7ab
16-19,-1.000000,0.103876,3.246849,2,"",4,4200.000000,3.142973,1.150295,3.127361,1,0.119488,0.015612,e9e7ab
16-31,-1.000000,5.826190,27.876024,20,"",16,4200.000000,22.049834,1.004018,22.026425,1,5.849599,0.023409,e9e7ab
0-3,-1.000000,1.100604,4.663567,3,"",4,4200.000000,3.562963,1.014185,3.547351,1,1.116216,0.015612,e9e7ab
4-7,-1.000000,0.157698,4.003999,4,"",4,4200.000000,3.846300,1.098999,3.830688,1,0.173310,0.015612,e9e7ab
8-23,-1.000000,3.561424,7.505821,5,"",16,4200.000000,3.944397,1.004386,3.928775,1,3.577046,0.015622,e9e7ab
4-7,-1.000000,1.173562,5.245914,6,"",4,4200.000000,4.072352,1.013303,4.056740,1,1.189174,0.015612,e9e7ab
0-7 24-31,-1.000000,4.107929,9.637319,7,"",16,4200.000000,5.529390,1.003800,5.513778,1,4.123541,0.015612,e9e7ab
32-47,-1.000000,0.163863,5.962576,8,"",16,4200.000000,5.798713,1.095281,5.783100,1,0.179476,0.015613,e9e7ab
8-23,-1.000000,0.301716,8.462711,9,"",16,4200.000000,8.160994,1.051744,8.145382,1,0.317328,0.015612,e9e7ab
