allocated_processors,consumed_energy,execution_time,finish_time,job_id,metadata,requested_number_of_processors,requested_time,starting_time,stretch,submission_time,success,turnaround_time,waiting_time,workload_name
0-1,-1.000000,1.000000,2.023418,1,"",2,4200.000000,1.023418,1.023418,1.000000,1,1.023418,0.023418,3734b2
2-3,-1.000000,10.000000,11.054642,2,"",2,4200.000000,1.054642,1.005464,1.000000,1,10.054642,0.054642,3734b2
4-5,-1.000000,1.000000,2.062448,3,"",2,4200.000000,1.062448,1.062448,1.000000,1,1.062448,0.062448,3734b2
6-7,-1.000000,10.000000,11.078060,4,"",2,4200.000000,1.078060,1.007806,1.000000,1,10.078060,0.078060,3734b2
0-1 4-5,-1.000000,0.069485,11.092903,5,"",4,4200.000000,11.023418,1.337023,11.000000,1,0.092903,0.023418,3734b2
2-3 6-7,-1.000000,0.069485,11.169021,6,"",4,4200.000000,11.099537,2.432492,11.000000,1,0.169021,0.099537,3734b2
