allocated_processors,consumed_energy,execution_time,finish_time,job_id,metadata,requested_number_of_processors,requested_time,starting_time,stretch,submission_time,success,turnaround_time,waiting_time,workload_name
0-1,-1.000000,1.000000,2.023418,1,"",2,4200.000000,1.023418,1.023418,1.000000,1,1.023418,0.023418,c461fa
2-5,-1.000000,10.000000,11.046836,2,"",4,4200.000000,1.046836,1.004684,1.000000,1,10.046836,0.046836,c461fa
6-7,-1.000000,1.000000,2.054642,3,"",2,4200.000000,1.054642,1.054642,1.000000,1,1.054642,0.054642,c461fa
0-1 6-7,-1.000000,0.137612,11.161030,4,"",4,4200.000000,11.023418,1.170174,11.000000,1,0.161030,0.023418,c461fa
2-5,-1.000000,0.134106,11.202419,5,"",4,4200.000000,11.068313,1.509390,11.000000,1,0.202419,0.068313,c461fa
