allocated_processors,consumed_energy,execution_time,finish_time,job_id,metadata,requested_number_of_processors,requested_time,starting_time,stretch,submission_time,success,turnaround_time,waiting_time,workload_name
0,-1.000000,10.000000,11.023418,1,"",1,4200.000000,1.023418,1.002342,1.000000,1,10.023418,0.023418,e74b85
1-2,-1.000000,1.000000,2.054642,2,"",2,4200.000000,1.054642,1.054642,1.000000,1,1.054642,0.054642,e74b85
3-4,-1.000000,10.000000,11.070254,3,"",2,4200.000000,1.070254,1.007025,1.000000,1,10.070254,0.070254,e74b85
5-6,-1.000000,1.000000,2.085866,4,"",2,4200.000000,1.085866,1.085866,1.000000,1,1.085866,0.085866,e74b85
7,-1.000000,10.000000,11.093672,5,"",1,4200.000000,1.093672,1.009367,1.000000,1,10.093672,0.093672,e74b85
1-2 5-6,-1.000000,1.368684,12.392102,6,"",4,4200.000000,11.023418,1.017110,11.000000,1,1.392102,0.023418,e74b85
0 3-4 7,-1.000000,1.368686,12.483824,7,"",4,4200.000000,11.115139,1.084123,11.000000,1,1.483824,0.115139,e74b85
