allocated_processors,consumed_energy,execution_time,finish_time,job_id,metadata,requested_number_of_processors,requested_time,starting_time,stretch,submission_time,success,turnaround_time,waiting_time,workload_name
0-1,-1.000000,20621958261.156479,20621958261.157261,1,"",2,100.000000,0.000781,1.000000,0.000000,1,20621958261.157261,0.000781,347ebe
2-3,-1.000000,20621958261.156479,20621958561.156868,2,"",2,100.000000,300.000390,1.000000,300.000000,1,20621958261.156868,0.000390,347ebe
0-1,-1.000000,20621958261.156475,41243916522.339371,3,"",2,100.000000,20621958261.182896,2.000000,600.000000,1,41243915922.339371,20621957661.182896,347ebe
2-3,-1.000000,20621958261.156479,41243916822.330093,4,"",2,100.000000,20621958561.173615,2.000000,610.000000,1,41243916212.330093,20621957951.173615,347ebe
