allocated_processors,consumed_energy,execution_time,finish_time,job_id,metadata,requested_number_of_processors,requested_time,starting_time,stretch,submission_time,success,turnaround_time,waiting_time,workload_name
0-15,-1.000000,0.241381,3.230930,1,"",16,4200.000000,2.989548,1.064678,2.973936,1,0.256993,0.015612,e9e7ab
0-15,-1.000000,2.017828,11.600362,10,"",16,4200.000000,9.582535,1.007742,9.566913,1,2.033450,0.015622,e9e7ab
16-31,-1.000000,0.125696,11.599786,11,"",16,4200.000000,11.474090,1.124284,11.458468,1,0.141318,0.015622,e9e7ab
0-3,-1.000000,0.417316,13.216123,12,"",4,4200.000000,12.798807,1.037434,12.783185,1,0.432938,0.015622,e9e7ab
0-3,-1.000000,0.753752,18.763052,13,"",4,4200.000000,18.009300,1.020726,17.993678,1,0.769374,0.015622,e9e7ab
0-15,-1.000000,0.241424,19.484683,14,"",16,4200.000000,19.243259,1.064708,19.227637,1,0.257046,0.015622,e9e7ab
0-15,-1.000000,0.241424,19.907633,15,"",16,4200.000000,19.666209,1.064708,19.650587,1,0.257046,0.015622,e9e7ab
0-15,-1.000000,0.241387,20.652594,16,"",16,4200.000000,20.411206,1.064676,20.395594,1,0.256999,0.015612,e9e7ab
16-31,-1.000000,0.241392,20.772928,17,"",16,4200.000000,20.531536,1.064716,20.515914,1,0.257014,0.015622,e9e7ab
0-3,-1.000000,0.078218,21.286692,18,"",4,4200.000000,21.208474,1.199724,21.192852,1,0.093840,0.015622,e9e7ab
0-15,-1.000000,0.241424,22.044581,19,"",16,4200.000000,21.803157,1.064666,21.787545,1,0.257036,0.015612,e9e7ab
16-19,-1.000000,0.078174,3.221147,2,"",4,4200.000000,3.142973,1.199709,3.127361,1,0.093786,0.015612,e9e7ab
16-31,-1.000000,1.932118,23.981954,20,"",16,4200.000000,22.049836,1.012117,22.026425,1,1.955529,0.023411,e9e7ab
0-3,-1.000000,1.098666,4.661629,3,"",4,4200.000000,3.562963,1.014210,3.547351,1,1.114278,0.015612,e9e7ab
4-7,-1.000000,0.109289,3.955589,4,"",4,4200.000000,3.846300,1.142851,3.830688,1,0.124901,0.015612,e9e7ab
8-23,-1.000000,3.833431,7.777827,5,"",16,4200.000000,3.944397,1.004075,3.928775,1,3.849053,0.015622,e9e7ab
4-7,-1.000000,0.753563,4.825915,6,"",4,4200.000000,4.072352,1.020718,4.056740,1,0.769175,0.015612,e9e7ab
24-39,-1.000000,3.833445,9.362835,7,"",16,4200.000000,5.529390,1.004073,5.513778,1,3.849057,0.015612,e9e7ab
40-55,-1.000000,0.155648,5.954352,8,"",16,4200.000000,5.798704,1.100251,5.783100,1,0.171252,0.015604,e9e7ab
0-15,-1.000000,0.241410,8.402404,9,"",16,4200.000000,8.160994,1.064670,8.145382,1,0.257022,0.015612,e9e7ab
