allocated_processors,consumed_energy,execution_time,finish_time,job_id,metadata,requested_number_of_processors,requested_time,starting_time,stretch,submission_time,success,turnaround_time,waiting_time,workload_name
0,-1.000000,1.000000,2.023418,1,"",1,4200.000000,1.023418,1.023418,1.000000,1,1.023418,0.023418,f2ee87
1,-1.000000,10.000000,11.054642,2,"",1,4200.000000,1.054642,1.005464,1.000000,1,10.054642,0.054642,f2ee87
2,-1.000000,1.000000,2.070254,3,"",1,4200.000000,1.070254,1.070254,1.000000,1,1.070254,0.070254,f2ee87
3-4,-1.000000,10.000000,11.101478,4,"",2,4200.000000,1.101478,1.010148,1.000000,1,10.101478,0.101478,f2ee87
5,-1.000000,1.000000,2.109284,5,"",1,4200.000000,1.109284,1.109284,1.000000,1,1.109284,0.109284,f2ee87
6,-1.000000,10.000000,11.117090,6,"",1,4200.000000,1.117090,1.011709,1.000000,1,10.117090,0.117090,f2ee87
7,-1.000000,1.000000,2.132702,7,"",1,4200.000000,1.132702,1.132702,1.000000,1,1.132702,0.132702,f2ee87
0 2 5 7,-1.000000,0.103613,11.127031,8,"",4,4200.000000,11.023418,1.226015,11.000000,1,0.127031,0.023418,f2ee87
1 3-4 6,-1.000000,0.103922,11.262004,9,"",4,4200.000000,11.158082,2.521152,11.000000,1,0.262004,0.158082,f2ee87
