allocated_processors,consumed_energy,execution_time,finish_time,job_id,metadata,requested_number_of_processors,requested_time,starting_time,stretch,submission_time,success,turnaround_time,waiting_time,workload_name
0-1,-1.000000,1.000000,2.023418,1,"",2,4200.000000,1.023418,1.023418,1.000000,1,1.023418,0.023418,f92e84
2-5,-1.000000,10.000000,11.046836,2,"",4,4200.000000,1.046836,1.004684,1.000000,1,10.046836,0.046836,f92e84
6-7,-1.000000,1.000000,2.054642,3,"",2,4200.000000,1.054642,1.054642,1.000000,1,1.054642,0.054642,f92e84
0-1 6-7,-1.000000,0.108293,11.131711,4,"",4,4200.000000,11.023418,1.216247,11.000000,1,0.131711,0.023418,f92e84
2-5,-1.000000,0.109337,11.177637,5,"",4,4200.000000,11.068299,1.624666,11.000000,1,0.177637,0.068299,f92e84
