allocated_processors,consumed_energy,execution_time,finish_time,job_id,metadata,requested_number_of_processors,requested_time,starting_time,stretch,submission_time,success,turnaround_time,waiting_time,workload_name
0,-1.000000,1.000000,2.023418,1,"",1,4200.000000,1.023418,1.023418,1.000000,1,1.023418,0.023418,50a414
0 2 4 6,-1.000000,0.644424,11.667842,10,"",4,4200.000000,11.023418,1.036339,11.000000,1,0.667842,0.023418,50a414
1,-1.000000,10.000000,11.054642,2,"",1,4200.000000,1.054642,1.005464,1.000000,1,10.054642,0.054642,50a414
2,-1.000000,1.000000,2.070254,3,"",1,4200.000000,1.070254,1.070254,1.000000,1,1.070254,0.070254,50a414
3,-1.000000,10.000000,11.101478,4,"",1,4200.000000,1.101478,1.010148,1.000000,1,10.101478,0.101478,50a414
4,-1.000000,1.000000,2.117090,5,"",1,4200.000000,1.117090,1.117090,1.000000,1,1.117090,0.117090,50a414
5,-1.000000,10.000000,11.124896,6,"",1,4200.000000,1.124896,1.012490,1.000000,1,10.124896,0.124896,50a414
6,-1.000000,1.000000,2.140508,7,"",1,4200.000000,1.140508,1.140508,1.000000,1,1.140508,0.140508,50a414
7,-1.000000,10.000000,11.148314,8,"",1,4200.000000,1.148314,1.014831,1.000000,1,10.148314,0.148314,50a414
1 3 5 7,-1.000000,0.644424,11.814214,9,"",4,4200.000000,11.169791,1.263476,11.000000,1,0.814214,0.169791,50a414
