allocated_processors,consumed_energy,execution_time,finish_time,job_id,metadata,requested_number_of_processors,requested_time,starting_time,stretch,submission_time,success,turnaround_time,waiting_time,workload_name
0-1,-1.000000,1.000000,2.023418,1,"",2,4200.000000,1.023418,1.023418,1.000000,1,1.023418,0.023418,fa4b13
2-5,-1.000000,10.000000,11.046836,2,"",4,4200.000000,1.046836,1.004684,1.000000,1,10.046836,0.046836,fa4b13
6-7,-1.000000,1.000000,2.054642,3,"",2,4200.000000,1.054642,1.054642,1.000000,1,1.054642,0.054642,fa4b13
0-1 6-7,-1.000000,1.091311,12.114729,4,"",4,4200.000000,11.023418,1.021459,11.000000,1,1.114729,0.023418,fa4b13
2-5,-1.000000,1.091267,12.159580,5,"",4,4200.000000,11.068313,1.062599,11.000000,1,1.159580,0.068313,fa4b13
