time,nb_sleeping,nb_switching_on,nb_switching_off,nb_idle,nb_computing
1.02342,0,0,0,6,2
1.04684,0,0,0,2,6
1.05464,0,0,0,0,8
2.02342,0,0,0,2,6
2.05464,0,0,0,4,4
11.0234,0,0,0,0,8
11.0468,0,0,0,4,4
11.0683,0,0,0,0,8
12.3953,0,0,0,4,4
12.4402,0,0,0,8,0
