allocated_processors,consumed_energy,execution_time,finish_time,job_id,metadata,requested_number_of_processors,requested_time,starting_time,stretch,submission_time,success,turnaround_time,waiting_time,workload_name
0,-1.000000,1.000000,2.023418,1,"",1,4200.000000,1.023418,1.023418,1.000000,1,1.023418,0.023418,6614ae
0 2 4 6,-1.000000,0.101125,11.124543,10,"",4,4200.000000,11.023418,1.231574,11.000000,1,0.124543,0.023418,6614ae
1,-1.000000,10.000000,11.054642,2,"",1,4200.000000,1.054642,1.005464,1.000000,1,10.054642,0.054642,6614ae
2,-1.000000,1.000000,2.070254,3,"",1,4200.000000,1.070254,1.070254,1.000000,1,1.070254,0.070254,6614ae
3,-1.000000,10.000000,11.101478,4,"",1,4200.000000,1.101478,1.010148,1.000000,1,10.101478,0.101478,6614ae
4,-1.000000,1.000000,2.117090,5,"",1,4200.000000,1.117090,1.117090,1.000000,1,1.117090,0.117090,6614ae
5,-1.000000,10.000000,11.124896,6,"",1,4200.000000,1.124896,1.012490,1.000000,1,10.124896,0.124896,6614ae
6,-1.000000,1.000000,2.140508,7,"",1,4200.000000,1.140508,1.140508,1.000000,1,1.140508,0.140508,6614ae
7,-1.000000,10.000000,11.148314,8,"",1,4200.000000,1.148314,1.014831,1.000000,1,10.148314,0.148314,6614ae
0-3,-1.000000,0.078218,11.237889,9,"",4,4200.000000,11.159670,3.041348,11.000000,1,0.237889,0.159670,6614ae
