allocated_processors,consumed_energy,execution_time,finish_time,job_id,metadata,requested_number_of_processors,requested_time,starting_time,stretch,submission_time,success,turnaround_time,waiting_time,workload_name
0,-1.000000,10.000000,11.023418,1,"",1,4200.000000,1.023418,1.002342,1.000000,1,10.023418,0.023418,c3a1b9
1-2,-1.000000,1.000000,2.054642,2,"",2,4200.000000,1.054642,1.054642,1.000000,1,1.054642,0.054642,c3a1b9
3-4,-1.000000,10.000000,11.070254,3,"",2,4200.000000,1.070254,1.007025,1.000000,1,10.070254,0.070254,c3a1b9
5-6,-1.000000,1.000000,2.085866,4,"",2,4200.000000,1.085866,1.085866,1.000000,1,1.085866,0.085866,c3a1b9
7,-1.000000,10.000000,11.093672,5,"",1,4200.000000,1.093672,1.009367,1.000000,1,10.093672,0.093672,c3a1b9
1-2 5-6,-1.000000,0.069485,11.092903,6,"",4,4200.000000,11.023418,1.337023,11.000000,1,0.092903,0.023418,c3a1b9
0-3,-1.000000,0.078218,11.206248,7,"",4,4200.000000,11.128030,2.636832,11.000000,1,0.206248,0.128030,c3a1b9
