allocated_processors,consumed_energy,execution_time,finish_time,job_id,metadata,requested_number_of_processors,requested_time,starting_time,stretch,submission_time,success,turnaround_time,waiting_time,workload_name
0-15,-1.000000,0.302714,3.276721,1,"",16,4200.000000,2.974007,1.000233,2.973936,1,0.302785,0.000070,e9e7ab
0-15,-1.000000,1.000270,10.567253,10,"",16,4200.000000,9.566983,1.000070,9.566913,1,1.000340,0.000070,e9e7ab
0-15,-1.000000,0.100146,11.558684,11,"",16,4200.000000,11.458538,1.000703,11.458468,1,0.100216,0.000070,e9e7ab
0-3,-1.000000,0.166709,12.949954,12,"",4,4200.000000,12.783245,1.000363,12.783185,1,0.166769,0.000060,e9e7ab
0-3,-1.000000,0.248964,18.242702,13,"",4,4200.000000,17.993738,1.000243,17.993678,1,0.249024,0.000060,e9e7ab
0-15,-1.000000,0.269843,19.497540,14,"",16,4200.000000,19.227697,1.000224,19.227637,1,0.269903,0.000060,e9e7ab
0-15,-1.000000,0.269843,19.920490,15,"",16,4200.000000,19.650647,1.000224,19.650587,1,0.269903,0.000060,e9e7ab
0-15,-1.000000,0.356842,20.752507,16,"",16,4200.000000,20.395665,1.000197,20.395594,1,0.356912,0.000070,e9e7ab
16-31,-1.000000,0.357666,20.873639,17,"",16,4200.000000,20.515973,1.000165,20.515914,1,0.357726,0.000059,e9e7ab
0-3,-1.000000,0.079278,21.272200,18,"",4,4200.000000,21.192922,1.000889,21.192852,1,0.079348,0.000070,e9e7ab
0-15,-1.000000,0.281136,22.068741,19,"",16,4200.000000,21.787605,1.000215,21.787545,1,0.281196,0.000060,e9e7ab
16-19,-1.000000,0.134246,3.261668,2,"",4,4200.000000,3.127422,1.000450,3.127361,1,0.134306,0.000060,e9e7ab
16-31,-1.000000,0.967691,22.994199,20,"",16,4200.000000,22.026507,1.000085,22.026425,1,0.967774,0.000082,e9e7ab
0-3,-1.000000,0.545349,4.092760,3,"",4,4200.000000,3.547411,1.000111,3.547351,1,0.545409,0.000060,e9e7ab
4-7,-1.000000,0.223415,4.054171,4,"",4,4200.000000,3.830756,1.000303,3.830688,1,0.223483,0.000068,e9e7ab
8-23,-1.000000,0.979538,4.908383,5,"",16,4200.000000,3.928845,1.000072,3.928775,1,0.979608,0.000070,e9e7ab
4-7,-1.000000,0.256568,4.313368,6,"",4,4200.000000,4.056800,1.000236,4.056740,1,0.256628,0.000060,e9e7ab
0-15,-1.000000,1.012116,6.525954,7,"",16,4200.000000,5.513839,1.000060,5.513778,1,1.012176,0.000060,e9e7ab
16-31,-1.000000,0.099642,5.882796,8,"",16,4200.000000,5.783154,1.000548,5.783100,1,0.099696,0.000055,e9e7ab
0-15,-1.000000,0.269843,8.415296,9,"",16,4200.000000,8.145453,1.000261,8.145382,1,0.269913,0.000070,e9e7ab
