allocated_processors,consumed_energy,execution_time,finish_time,job_id,metadata,requested_number_of_processors,requested_time,starting_time,stretch,submission_time,success,turnaround_time,waiting_time,workload_name
0,-1.000000,1.000000,2.023418,1,"",1,4200.000000,1.023418,1.023418,1.000000,1,1.023418,0.023418,d4c623
1,-1.000000,10.000000,11.054642,2,"",1,4200.000000,1.054642,1.005464,1.000000,1,10.054642,0.054642,d4c623
2,-1.000000,1.000000,2.070254,3,"",1,4200.000000,1.070254,1.070254,1.000000,1,1.070254,0.070254,d4c623
3-4,-1.000000,10.000000,11.101478,4,"",2,4200.000000,1.101478,1.010148,1.000000,1,10.101478,0.101478,d4c623
5,-1.000000,1.000000,2.109284,5,"",1,4200.000000,1.109284,1.109284,1.000000,1,1.109284,0.109284,d4c623
6,-1.000000,10.000000,11.117090,6,"",1,4200.000000,1.117090,1.011709,1.000000,1,10.117090,0.117090,d4c623
7,-1.000000,1.000000,2.132702,7,"",1,4200.000000,1.132702,1.132702,1.000000,1,1.132702,0.132702,d4c623
0 2 5 7,-1.000000,0.091591,11.115009,8,"",4,4200.000000,11.023418,1.255681,11.000000,1,0.115009,0.023418,d4c623
0-3,-1.000000,0.078218,11.236290,9,"",4,4200.000000,11.158072,3.020907,11.000000,1,0.236290,0.158072,d4c623
