allocated_processors,consumed_energy,execution_time,finish_time,job_id,metadata,requested_number_of_processors,requested_time,starting_time,stretch,submission_time,success,turnaround_time,waiting_time,workload_name
0,-1.000000,1.000000,2.023418,1,"",1,4200.000000,1.023418,1.023418,1.000000,1,1.023418,0.023418,03cea8
1,-1.000000,10.000000,11.054642,2,"",1,4200.000000,1.054642,1.005464,1.000000,1,10.054642,0.054642,03cea8
2,-1.000000,1.000000,2.070254,3,"",1,4200.000000,1.070254,1.070254,1.000000,1,1.070254,0.070254,03cea8
3-4,-1.000000,10.000000,11.101478,4,"",2,4200.000000,1.101478,1.010148,1.000000,1,10.101478,0.101478,03cea8
5,-1.000000,1.000000,2.109284,5,"",1,4200.000000,1.109284,1.109284,1.000000,1,1.109284,0.109284,03cea8
6,-1.000000,10.000000,11.117090,6,"",1,4200.000000,1.117090,1.011709,1.000000,1,10.117090,0.117090,03cea8
7,-1.000000,1.000000,2.132702,7,"",1,4200.000000,1.132702,1.132702,1.000000,1,1.132702,0.132702,03cea8
0 2 5 7,-1.000000,2.192244,13.215662,8,"",4,4200.000000,11.023418,1.010682,11.000000,1,2.215662,0.023418,03cea8
1 3-4 6,-1.000000,2.192246,13.336657,9,"",4,4200.000000,11.144411,1.065874,11.000000,1,2.336657,0.144411,03cea8
