allocated_processors,consumed_energy,execution_time,finish_time,job_id,metadata,requested_number_of_processors,requested_time,starting_time,stretch,submission_time,success,turnaround_time,waiting_time,workload_name
0-1,-1.000000,20621958261.156464,20621958261.156525,1,"",2,100.000000,0.000060,1.000000,0.000000,1,20621958261.156525,0.000060,208528
2-3,-1.000000,20621958261.156467,20621958561.156528,2,"",2,100.000000,300.000060,1.000000,300.000000,1,20621958261.156528,0.000060,208528
0-1,-1.000000,20621958261.156475,41243916522.314972,3,"",2,100.000000,20621958261.158497,2.000000,600.000000,1,41243915922.314972,20621957661.158497,208528
2-3,-1.000000,20621958261.156475,41243916822.314293,4,"",2,100.000000,20621958561.157818,2.000000,610.000000,1,41243916212.314293,20621957951.157818,208528
