allocated_processors,consumed_energy,execution_time,finish_time,job_id,metadata,requested_number_of_processors,requested_time,starting_time,stretch,submission_time,success,turnaround_time,waiting_time,workload_name
0-15,-1.000000,0.184787,3.158794,1,"",16,4200.000000,2.974007,1.000381,2.973936,1,0.184857,0.000070,e9e7ab
0-15,-1.000000,1.027518,10.594501,10,"",16,4200.000000,9.566983,1.000069,9.566913,1,1.027589,0.000070,e9e7ab
0-15,-1.000000,0.081548,11.540087,11,"",16,4200.000000,11.458538,1.000864,11.458468,1,0.081619,0.000070,e9e7ab
0-3,-1.000000,0.164694,12.947939,12,"",4,4200.000000,12.783245,1.000367,12.783185,1,0.164754,0.000060,e9e7ab
0-3,-1.000000,0.254115,18.247853,13,"",4,4200.000000,17.993738,1.000238,17.993678,1,0.254175,0.000060,e9e7ab
0-15,-1.000000,0.177565,19.405262,14,"",16,4200.000000,19.227697,1.000340,19.227637,1,0.177625,0.000060,e9e7ab
0-15,-1.000000,0.177565,19.828212,15,"",16,4200.000000,19.650647,1.000340,19.650587,1,0.177625,0.000060,e9e7ab
0-15,-1.000000,0.221547,20.617212,16,"",16,4200.000000,20.395665,1.000318,20.395594,1,0.221618,0.000070,e9e7ab
16-31,-1.000000,0.228611,20.744595,17,"",16,4200.000000,20.515984,1.000308,20.515914,1,0.228682,0.000070,e9e7ab
0-3,-1.000000,0.080333,21.273255,18,"",4,4200.000000,21.192922,1.000877,21.192852,1,0.080404,0.000070,e9e7ab
0-15,-1.000000,0.177565,21.965170,19,"",16,4200.000000,21.787605,1.000340,21.787545,1,0.177625,0.000060,e9e7ab
16-19,-1.000000,0.078290,3.205705,2,"",4,4200.000000,3.127414,1.000680,3.127361,1,0.078344,0.000053,e9e7ab
0-15,-1.000000,0.897171,22.923687,20,"",16,4200.000000,22.026516,1.000101,22.026425,1,0.897262,0.000091,e9e7ab
0-3,-1.000000,0.591984,4.139396,3,"",4,4200.000000,3.547411,1.000102,3.547351,1,0.592045,0.000060,e9e7ab
4-7,-1.000000,0.182428,4.013177,4,"",4,4200.000000,3.830749,1.000331,3.830688,1,0.182489,0.000060,e9e7ab
8-23,-1.000000,0.977990,4.906835,5,"",16,4200.000000,3.928845,1.000072,3.928775,1,0.978060,0.000070,e9e7ab
4-7,-1.000000,0.251158,4.307958,6,"",4,4200.000000,4.056800,1.000241,4.056740,1,0.251218,0.000060,e9e7ab
0-15,-1.000000,1.030281,6.544119,7,"",16,4200.000000,5.513839,1.000059,5.513778,1,1.030341,0.000060,e9e7ab
16-31,-1.000000,0.082048,5.865208,8,"",16,4200.000000,5.783160,1.000737,5.783100,1,0.082108,0.000060,e9e7ab
0-15,-1.000000,0.177565,8.323018,9,"",16,4200.000000,8.145453,1.000397,8.145382,1,0.177635,0.000070,e9e7ab
