allocated_processors,consumed_energy,execution_time,finish_time,job_id,metadata,requested_number_of_processors,requested_time,starting_time,stretch,submission_time,success,turnaround_time,waiting_time,workload_name
0-1,-1.000000,1.000000,2.023418,1,"",2,4200.000000,1.023418,1.023418,1.000000,1,1.023418,0.023418,60a0e7
2-5,-1.000000,10.000000,11.046836,2,"",4,4200.000000,1.046836,1.004684,1.000000,1,10.046836,0.046836,60a0e7
6-7,-1.000000,1.000000,2.054642,3,"",2,4200.000000,1.054642,1.054642,1.000000,1,1.054642,0.054642,60a0e7
0-1 6-7,-1.000000,3.209597,14.233015,4,"",4,4200.000000,11.023418,1.007296,11.000000,1,3.233015,0.023418,60a0e7
2-5,-1.000000,3.209601,14.277903,5,"",4,4200.000000,11.068303,1.021281,11.000000,1,3.277903,0.068303,60a0e7
